time,active_A,active_B,cumulative_infections_A,cumulative_infections_B,cumulative_recoveries_A,cumulative_recoveries_B
0.0,1.0,0.0,0.0,0.0,0.0,0.0
2.5780358247570305,2.0,0.0,1.0,0.0,0.0,0.0
2.713600962763521,3.0,0.0,2.0,0.0,0.0,0.0
2.79262863057364,4.0,0.0,3.0,0.0,0.0,0.0
3.898575588238417,5.0,0.0,4.0,0.0,0.0,0.0
4.20101808956255,6.0,0.0,5.0,0.0,0.0,0.0
5.786406048164434,7.0,0.0,6.0,0.0,0.0,0.0
5.952663833149102,6.0,0.0,6.0,0.0,1.0,0.0
5.9802177483795385,5.0,0.0,6.0,0.0,2.0,0.0
6.427428970111609,4.0,0.0,6.0,0.0,3.0,0.0
7.288563461684923,3.0,0.0,6.0,0.0,4.0,0.0
7.476790035362363,4.0,0.0,7.0,0.0,4.0,0.0
12.04150393271496,3.0,0.0,7.0,0.0,5.0,0.0
12.526126906521252,2.0,0.0,7.0,0.0,6.0,0.0
14.458490537511427,3.0,0.0,8.0,0.0,6.0,0.0
19.222217444362276,2.0,0.0,8.0,0.0,7.0,0.0
21.456213569118688,3.0,0.0,9.0,0.0,7.0,0.0
22.82968998575491,4.0,0.0,10.0,0.0,7.0,0.0
23.329391953833525,3.0,0.0,10.0,0.0,8.0,0.0
25.288314456427713,4.0,0.0,11.0,0.0,8.0,0.0
26.618996573612556,5.0,0.0,12.0,0.0,8.0,0.0
28.300189239262462,5.0,0.0,12.0,0.0,8.0,0.0
28.660718769828765,4.0,0.0,12.0,0.0,9.0,0.0
29.51600314749537,5.0,0.0,13.0,0.0,9.0,0.0
30.51172426289633,6.0,0.0,14.0,0.0,9.0,0.0
31.15210376874328,5.0,0.0,14.0,0.0,10.0,0.0
31.196550342265546,6.0,0.0,15.0,0.0,10.0,0.0
32.023301155448756,5.0,0.0,15.0,0.0,11.0,0.0
32.24976144633197,6.0,0.0,16.0,0.0,11.0,0.0
32.35948683761616,7.0,0.0,17.0,0.0,11.0,0.0
32.693120710167065,8.0,0.0,18.0,0.0,11.0,0.0
33.27823963077443,7.0,0.0,18.0,0.0,12.0,0.0
34.459802825740304,8.0,0.0,19.0,0.0,12.0,0.0
34.53034421101775,8.0,0.0,19.0,0.0,12.0,0.0
34.67727062832265,9.0,0.0,20.0,0.0,12.0,0.0
35.46932395518827,10.0,0.0,21.0,0.0,12.0,0.0
35.50123052463167,11.0,0.0,22.0,0.0,12.0,0.0
35.92476590358377,10.0,0.0,22.0,0.0,13.0,0.0
36.87069649661444,9.0,0.0,22.0,0.0,13.0,0.0
37.283852814436436,10.0,0.0,23.0,0.0,13.0,0.0
37.768798659832655,9.0,0.0,23.0,0.0,14.0,0.0
38.100149090310644,8.0,0.0,23.0,0.0,15.0,0.0
39.78174299196612,7.0,0.0,23.0,0.0,16.0,0.0
41.133341073898926,7.0,0.0,23.0,0.0,16.0,0.0
41.17401681614077,6.0,0.0,23.0,0.0,17.0,0.0
41.70719421175137,7.0,0.0,24.0,0.0,17.0,0.0
42.76407852241225,8.0,0.0,25.0,0.0,17.0,0.0
43.00997259419842,7.0,0.0,25.0,0.0,18.0,0.0
43.19601967928105,8.0,0.0,26.0,0.0,18.0,0.0
43.73784061114083,7.0,0.0,26.0,0.0,19.0,0.0
44.41607323168652,6.0,0.0,26.0,0.0,20.0,0.0
45.341548230309655,5.0,0.0,26.0,0.0,21.0,0.0
47.11085979537469,6.0,0.0,27.0,0.0,21.0,0.0
47.32935291582869,7.0,0.0,28.0,0.0,21.0,0.0
48.926790630164724,6.0,0.0,28.0,0.0,22.0,0.0
49.16348827306943,7.0,0.0,29.0,0.0,22.0,0.0
50.34497667726899,8.0,0.0,30.0,0.0,22.0,0.0
51.44583928333357,9.0,0.0,31.0,0.0,22.0,0.0
53.20448316774304,10.0,0.0,32.0,0.0,22.0,0.0
53.20480872306875,11.0,0.0,33.0,0.0,22.0,0.0
53.32440718180753,12.0,0.0,34.0,0.0,22.0,0.0
53.634956598543596,13.0,0.0,35.0,0.0,22.0,0.0
53.717315173886135,12.0,0.0,35.0,0.0,23.0,0.0
54.29146528451258,13.0,0.0,36.0,0.0,23.0,0.0
54.52784254847084,14.0,0.0,37.0,0.0,23.0,0.0
54.830982583689625,13.0,0.0,37.0,0.0,24.0,0.0
54.86681571189028,14.0,0.0,38.0,0.0,24.0,0.0
55.33395035488565,15.0,0.0,39.0,0.0,24.0,0.0
55.533350857849854,16.0,0.0,40.0,0.0,24.0,0.0
55.708951073215935,15.0,0.0,40.0,0.0,25.0,0.0
55.71055936183659,14.0,0.0,40.0,0.0,26.0,0.0
55.73777881942465,15.0,0.0,41.0,0.0,26.0,0.0
55.98542773250889,16.0,0.0,42.0,0.0,26.0,0.0
56.41952980964388,17.0,0.0,43.0,0.0,26.0,0.0
57.20533345206264,18.0,0.0,44.0,0.0,26.0,0.0
57.78327909136373,17.0,0.0,44.0,0.0,27.0,0.0
57.85353442144905,16.0,0.0,44.0,0.0,28.0,0.0
57.94468049201199,17.0,0.0,45.0,0.0,28.0,0.0
58.08343437324781,18.0,0.0,46.0,0.0,28.0,0.0
58.766670451789686,17.0,0.0,46.0,0.0,29.0,0.0
58.790576509881625,18.0,0.0,47.0,0.0,29.0,0.0
58.80117949872708,17.0,0.0,47.0,0.0,30.0,0.0
58.83734592604348,16.0,0.0,47.0,0.0,31.0,0.0
58.860946358138904,17.0,0.0,48.0,0.0,31.0,0.0
58.97938353053158,17.0,0.0,48.0,0.0,31.0,0.0
59.04784187507119,16.0,0.0,48.0,0.0,32.0,0.0
59.152309044594624,15.0,0.0,48.0,0.0,33.0,0.0
59.21969143676288,14.0,0.0,48.0,0.0,34.0,0.0
59.28002618163075,13.0,0.0,48.0,0.0,35.0,0.0
60.163442183811966,14.0,0.0,49.0,0.0,35.0,0.0
60.25567736354185,15.0,0.0,50.0,0.0,35.0,0.0
60.48543762760899,16.0,0.0,51.0,0.0,35.0,0.0
60.700373490304536,17.0,0.0,52.0,0.0,35.0,0.0
61.32676681904956,16.0,0.0,52.0,0.0,36.0,0.0
61.35121560248446,17.0,0.0,53.0,0.0,36.0,0.0
61.43430580155991,18.0,0.0,54.0,0.0,36.0,0.0
61.74694189441738,19.0,0.0,55.0,0.0,36.0,0.0
62.09093085894014,18.0,0.0,55.0,0.0,37.0,0.0
62.291363360165775,18.0,0.0,55.0,0.0,37.0,0.0
63.009222782115536,19.0,0.0,56.0,0.0,37.0,0.0
63.482890523605256,20.0,0.0,57.0,0.0,37.0,0.0
63.95035036608476,21.0,0.0,58.0,0.0,37.0,0.0
64.00471695534667,22.0,0.0,59.0,0.0,37.0,0.0
64.21236558495714,21.0,0.0,59.0,0.0,38.0,0.0
64.64905349055941,20.0,0.0,59.0,0.0,39.0,0.0
64.73024839468405,21.0,0.0,60.0,0.0,39.0,0.0
64.75729943392706,22.0,0.0,61.0,0.0,39.0,0.0
65.05567965514827,23.0,0.0,62.0,0.0,39.0,0.0
65.20319789670604,24.0,0.0,63.0,0.0,39.0,0.0
65.35039437140748,23.0,0.0,63.0,0.0,40.0,0.0
65.57889954599693,22.0,0.0,63.0,0.0,41.0,0.0
65.59606821422585,22.0,0.0,63.0,0.0,41.0,0.0
65.67595868398612,23.0,0.0,64.0,0.0,41.0,0.0
65.92772492753404,24.0,0.0,65.0,0.0,41.0,0.0
65.9717872731445,25.0,0.0,66.0,0.0,41.0,0.0
66.05021086256518,26.0,0.0,67.0,0.0,41.0,0.0
66.0713454252338,27.0,0.0,68.0,0.0,41.0,0.0
66.08905856567723,28.0,0.0,69.0,0.0,41.0,0.0
66.3568324140271,27.0,0.0,69.0,0.0,42.0,0.0
66.41927804622689,26.0,0.0,69.0,0.0,43.0,0.0
66.56333262053211,25.0,1.0,69.0,0.0,43.0,0.0
66.58030301307679,24.0,1.0,69.0,0.0,44.0,0.0
67.32416786892983,23.0,1.0,69.0,0.0,45.0,0.0
67.34405325939525,22.0,1.0,69.0,0.0,45.0,0.0
67.50318758177583,23.0,1.0,70.0,0.0,45.0,0.0
67.52541214596563,24.0,1.0,71.0,0.0,45.0,0.0
67.60261655015798,23.0,1.0,71.0,0.0,46.0,0.0
67.65163353343416,24.0,1.0,72.0,0.0,46.0,0.0
68.10925063484689,23.0,1.0,72.0,0.0,47.0,0.0
68.30514660925672,22.0,1.0,72.0,0.0,48.0,0.0
68.35049997273293,21.0,1.0,72.0,0.0,49.0,0.0
68.49598003528087,22.0,1.0,73.0,0.0,49.0,0.0
68.55336685389295,23.0,1.0,74.0,0.0,49.0,0.0
68.60320613968308,24.0,1.0,75.0,0.0,49.0,0.0
69.04200676760756,25.0,1.0,76.0,0.0,49.0,0.0
69.1377725579631,26.0,1.0,77.0,0.0,49.0,0.0
69.59144419631318,27.0,1.0,78.0,0.0,49.0,0.0
69.60220499619632,26.0,1.0,78.0,0.0,50.0,0.0
69.60324059430559,25.0,1.0,78.0,0.0,51.0,0.0
69.63180970757087,26.0,1.0,79.0,0.0,51.0,0.0
69.77484850278195,27.0,1.0,80.0,0.0,51.0,0.0
69.81048661350867,27.0,2.0,80.0,1.0,51.0,0.0
69.94826715988751,28.0,2.0,81.0,1.0,51.0,0.0
70.05787571121972,27.0,2.0,81.0,1.0,51.0,0.0
70.12026261019216,28.0,2.0,82.0,1.0,51.0,0.0
70.21806356394822,29.0,2.0,83.0,1.0,51.0,0.0
70.4939193639274,28.0,2.0,83.0,1.0,52.0,0.0
70.54510457609425,27.0,2.0,83.0,1.0,53.0,0.0
70.5999144339755,28.0,2.0,84.0,1.0,53.0,0.0
70.64636572869225,28.0,2.0,84.0,1.0,53.0,0.0
70.72976275391227,27.0,2.0,84.0,1.0,54.0,0.0
70.76360162001232,28.0,2.0,85.0,1.0,54.0,0.0
70.81708456470076,27.0,2.0,85.0,1.0,55.0,0.0
71.04760902708661,28.0,2.0,86.0,1.0,55.0,0.0
71.24990665358563,29.0,2.0,87.0,1.0,55.0,0.0
71.43871086089429,28.0,2.0,87.0,1.0,56.0,0.0
71.50159638204794,27.0,2.0,87.0,1.0,57.0,0.0
71.63777236225081,28.0,2.0,88.0,1.0,57.0,0.0
71.7078641824438,29.0,2.0,89.0,1.0,57.0,0.0
71.96109395854175,28.0,2.0,89.0,1.0,58.0,0.0
71.97448017320748,27.0,2.0,89.0,1.0,58.0,0.0
72.01682405037988,26.0,3.0,89.0,1.0,58.0,0.0
72.04692185480451,26.0,2.0,89.0,1.0,58.0,1.0
72.51128913763509,27.0,2.0,90.0,1.0,58.0,1.0
72.63038561247728,28.0,2.0,91.0,1.0,58.0,1.0
72.7602692111388,29.0,2.0,92.0,1.0,58.0,1.0
73.43223484048285,30.0,2.0,93.0,1.0,58.0,1.0
73.44393717929192,30.0,2.0,93.0,1.0,58.0,1.0
73.67700806749295,29.0,2.0,93.0,1.0,59.0,1.0
73.7458748558894,28.0,2.0,93.0,1.0,60.0,1.0
73.74608541908853,29.0,2.0,94.0,1.0,60.0,1.0
73.99564262573874,28.0,2.0,94.0,1.0,61.0,1.0
74.020741352968,28.0,3.0,94.0,2.0,61.0,1.0
74.43728516769481,27.0,3.0,94.0,2.0,62.0,1.0
74.70195666894716,28.0,3.0,95.0,2.0,62.0,1.0
74.73690750719422,27.0,3.0,95.0,2.0,63.0,1.0
74.74067314631752,27.0,4.0,95.0,3.0,63.0,1.0
74.83200627156336,26.0,4.0,95.0,3.0,64.0,1.0
74.95947494954773,25.0,4.0,95.0,3.0,65.0,1.0
75.07547441696155,25.0,5.0,95.0,4.0,65.0,1.0
75.08507064470888,24.0,5.0,95.0,4.0,66.0,1.0
75.093861546276,23.0,5.0,95.0,4.0,67.0,1.0
75.13823774879667,24.0,5.0,96.0,4.0,67.0,1.0
75.26128889564912,23.0,5.0,96.0,4.0,68.0,1.0
75.47488689728098,24.0,5.0,97.0,4.0,68.0,1.0
75.57322601627126,23.0,5.0,97.0,4.0,69.0,1.0
76.04539702821222,22.0,5.0,97.0,4.0,70.0,1.0
76.16552172047925,22.0,5.0,97.0,4.0,70.0,1.0
76.39173758850085,21.0,5.0,97.0,4.0,71.0,1.0
76.48170595140147,22.0,5.0,98.0,4.0,71.0,1.0
76.7465721360803,23.0,5.0,99.0,4.0,71.0,1.0
77.18757285208811,22.0,5.0,99.0,4.0,72.0,1.0
77.45062321685464,22.0,5.0,99.0,4.0,72.0,1.0
78.14975257333711,22.0,5.0,99.0,4.0,72.0,1.0
78.15178417523408,22.0,5.0,99.0,4.0,72.0,1.0
78.22301080156328,21.0,5.0,99.0,4.0,73.0,1.0
78.94115370768145,21.0,6.0,99.0,5.0,73.0,1.0
78.96297888557102,22.0,5.0,99.0,5.0,73.0,1.0
79.17742676659249,21.0,5.0,99.0,5.0,74.0,1.0
79.27743822663216,22.0,5.0,100.0,5.0,74.0,1.0
79.57078619308813,23.0,5.0,101.0,5.0,74.0,1.0
79.95769158304576,22.0,5.0,101.0,5.0,75.0,1.0
80.30315532329853,21.0,5.0,101.0,5.0,76.0,1.0
80.39196293287709,22.0,5.0,102.0,5.0,76.0,1.0
80.41341597163729,23.0,5.0,103.0,5.0,76.0,1.0
80.58330076342847,22.0,5.0,103.0,5.0,77.0,1.0
80.93657855663685,22.0,4.0,103.0,5.0,77.0,2.0
80.95140455733026,22.0,3.0,103.0,5.0,77.0,3.0
81.0485536947349,22.0,2.0,103.0,5.0,77.0,4.0
81.75700588755922,21.0,2.0,103.0,5.0,78.0,4.0
81.96089762092183,22.0,2.0,104.0,5.0,78.0,4.0
82.01749597489562,21.0,2.0,104.0,5.0,79.0,4.0
82.08313249675903,22.0,2.0,105.0,5.0,79.0,4.0
82.13532916181714,23.0,2.0,106.0,5.0,79.0,4.0
82.46580471203605,22.0,2.0,106.0,5.0,80.0,4.0
82.54252659469752,21.0,2.0,106.0,5.0,81.0,4.0
82.75103061182023,20.0,2.0,106.0,5.0,82.0,4.0
82.85837695149532,19.0,2.0,106.0,5.0,83.0,4.0
83.27355272073812,20.0,2.0,107.0,5.0,83.0,4.0
83.4100599590877,19.0,2.0,107.0,5.0,84.0,4.0
84.0598182860355,18.0,2.0,107.0,5.0,85.0,4.0
84.1425804378827,17.0,2.0,107.0,5.0,86.0,4.0
84.26656761098837,17.0,1.0,107.0,5.0,86.0,5.0
84.37123218571308,18.0,1.0,108.0,5.0,86.0,5.0
84.43525119450895,17.0,1.0,108.0,5.0,87.0,5.0
84.43667612892072,17.0,2.0,108.0,6.0,87.0,5.0
84.46770244461813,16.0,2.0,108.0,6.0,88.0,5.0
84.68790935457724,17.0,2.0,109.0,6.0,88.0,5.0
84.7762910071028,16.0,2.0,109.0,6.0,89.0,5.0
85.21259377046331,16.0,2.0,109.0,6.0,89.0,5.0
85.41533998033167,15.0,2.0,109.0,6.0,90.0,5.0
85.55442507650439,16.0,2.0,110.0,6.0,90.0,5.0
86.1787137614616,15.0,2.0,110.0,6.0,91.0,5.0
86.35099931935444,14.0,2.0,110.0,6.0,92.0,5.0
86.44324917440419,15.0,2.0,110.0,6.0,92.0,5.0
86.4816150137693,16.0,2.0,111.0,6.0,92.0,5.0
86.73699869209167,16.0,2.0,111.0,6.0,92.0,5.0
87.18000490389126,17.0,2.0,112.0,6.0,92.0,5.0
87.18839529830001,18.0,2.0,113.0,6.0,92.0,5.0
87.1946496052501,19.0,2.0,114.0,6.0,92.0,5.0
87.21136539746632,20.0,2.0,115.0,6.0,92.0,5.0
87.37884507311051,19.0,2.0,115.0,6.0,92.0,5.0
87.4845616199275,20.0,2.0,116.0,6.0,92.0,5.0
87.5261453432301,20.0,2.0,116.0,6.0,92.0,5.0
87.87926931606134,19.0,2.0,116.0,6.0,93.0,5.0
87.91238417181609,19.0,3.0,116.0,7.0,93.0,5.0
88.25570746609431,20.0,3.0,117.0,7.0,93.0,5.0
88.33844616545909,21.0,3.0,118.0,7.0,93.0,5.0
88.52719876776203,20.0,3.0,118.0,7.0,94.0,5.0
88.60256384438867,21.0,3.0,119.0,7.0,94.0,5.0
88.69891106309953,20.0,3.0,119.0,7.0,95.0,5.0
88.80265749470837,21.0,3.0,120.0,7.0,95.0,5.0
88.80615786437964,22.0,3.0,121.0,7.0,95.0,5.0
88.87720040188465,22.0,2.0,121.0,7.0,95.0,6.0
89.37454194341345,21.0,2.0,121.0,7.0,96.0,6.0
89.55592743518352,22.0,2.0,122.0,7.0,96.0,6.0
89.7598525728292,21.0,2.0,122.0,7.0,96.0,6.0
89.80026092594744,20.0,2.0,122.0,7.0,97.0,6.0
89.95928606923837,20.0,2.0,122.0,7.0,97.0,6.0
90.08538970661515,21.0,2.0,123.0,7.0,97.0,6.0
90.40546191991108,20.0,2.0,123.0,7.0,98.0,6.0
90.6060694015529,21.0,2.0,124.0,7.0,98.0,6.0
91.17303301422162,21.0,2.0,124.0,7.0,98.0,6.0
91.3834154811028,20.0,2.0,124.0,7.0,99.0,6.0
91.4597294942378,19.0,2.0,124.0,7.0,100.0,6.0
91.55282496162096,19.0,3.0,124.0,8.0,100.0,6.0
91.66330150395076,20.0,3.0,125.0,8.0,100.0,6.0
92.22133755279026,19.0,3.0,125.0,8.0,101.0,6.0
92.32714842284666,18.0,3.0,125.0,8.0,102.0,6.0
92.37077095103271,17.0,3.0,125.0,8.0,102.0,6.0
92.4392499242591,16.0,3.0,125.0,8.0,103.0,6.0
92.60662403274684,16.0,4.0,125.0,9.0,103.0,6.0
92.64731347421986,15.0,4.0,125.0,9.0,104.0,6.0
92.83744706405855,16.0,4.0,126.0,9.0,104.0,6.0
92.83887972550869,17.0,4.0,127.0,9.0,104.0,6.0
92.85737943808206,16.0,4.0,127.0,9.0,105.0,6.0
92.92310105169541,17.0,4.0,128.0,9.0,105.0,6.0
93.25990950371138,18.0,4.0,129.0,9.0,105.0,6.0
93.3473159252374,19.0,4.0,130.0,9.0,105.0,6.0
93.41606774648952,20.0,4.0,131.0,9.0,105.0,6.0
93.56331804861384,19.0,4.0,131.0,9.0,105.0,6.0
93.82958287660858,18.0,4.0,131.0,9.0,106.0,6.0
94.11215572303388,17.0,4.0,131.0,9.0,107.0,6.0
94.55308586733572,16.0,4.0,131.0,9.0,108.0,6.0
94.57854689288324,17.0,4.0,132.0,9.0,108.0,6.0
94.6056634096067,18.0,4.0,133.0,9.0,108.0,6.0
94.62012439379758,19.0,4.0,134.0,9.0,108.0,6.0
94.8913068311097,18.0,4.0,134.0,9.0,109.0,6.0
94.91791743770945,18.0,5.0,134.0,10.0,109.0,6.0
95.0180347369336,18.0,6.0,134.0,11.0,109.0,6.0
95.05553712808623,17.0,6.0,134.0,11.0,109.0,6.0
95.20927102305679,18.0,6.0,135.0,11.0,109.0,6.0
95.30489495763804,18.0,7.0,135.0,12.0,109.0,6.0
95.3495755864706,18.0,6.0,135.0,12.0,109.0,7.0
95.45483942186715,19.0,6.0,136.0,12.0,109.0,7.0
95.60366713742769,19.0,5.0,136.0,12.0,109.0,8.0
95.77631678092405,20.0,5.0,137.0,12.0,109.0,8.0
95.82739506493876,20.0,4.0,137.0,12.0,109.0,9.0
95.94111408204068,19.0,4.0,137.0,12.0,110.0,9.0
96.04188338621405,20.0,4.0,138.0,12.0,110.0,9.0
96.25251001314352,21.0,4.0,139.0,12.0,110.0,9.0
96.37700411307719,20.0,4.0,139.0,12.0,111.0,9.0
96.45083425928522,19.0,4.0,139.0,12.0,111.0,9.0
96.47275880891047,18.0,4.0,139.0,12.0,112.0,9.0
96.4832398574485,19.0,4.0,140.0,12.0,112.0,9.0
96.58601374055033,18.0,4.0,140.0,12.0,112.0,9.0
96.67115868633698,17.0,4.0,140.0,12.0,113.0,9.0
96.84397838344385,16.0,4.0,140.0,12.0,114.0,9.0
96.90515038100288,15.0,4.0,140.0,12.0,115.0,9.0
96.95068741207642,14.0,4.0,140.0,12.0,116.0,9.0
97.0775269868044,14.0,3.0,140.0,12.0,116.0,10.0
97.29928510691722,13.0,3.0,140.0,12.0,117.0,10.0
97.41540017846312,14.0,3.0,141.0,12.0,117.0,10.0
97.4947857483758,13.0,3.0,141.0,12.0,118.0,10.0
97.70553852513171,12.0,3.0,141.0,12.0,119.0,10.0
98.17301034789506,11.0,3.0,141.0,12.0,120.0,10.0
98.37803958118973,11.0,3.0,141.0,12.0,120.0,11.0
98.40808935202176,12.0,3.0,142.0,12.0,120.0,11.0
98.65716012955701,13.0,3.0,143.0,12.0,120.0,11.0
98.77114477977959,13.0,3.0,143.0,12.0,120.0,11.0
98.91860702572193,14.0,3.0,144.0,12.0,120.0,11.0
99.06704408222603,13.0,3.0,144.0,12.0,121.0,11.0
99.20435204443152,14.0,3.0,145.0,12.0,121.0,11.0
99.34728369638425,13.0,3.0,145.0,12.0,122.0,11.0
99.38052784015643,13.0,2.0,145.0,12.0,122.0,12.0
100.4782713943965,12.0,2.0,145.0,12.0,123.0,12.0
100.92775654503187,13.0,2.0,146.0,12.0,123.0,12.0
101.0912670145177,12.0,2.0,146.0,12.0,124.0,12.0
101.11996095683865,13.0,2.0,147.0,12.0,124.0,12.0
101.28935625235482,12.0,2.0,147.0,12.0,125.0,12.0
101.32738214793238,13.0,2.0,148.0,12.0,125.0,12.0
101.53723430711983,12.0,2.0,148.0,12.0,126.0,12.0
101.55136225542125,13.0,2.0,149.0,12.0,126.0,12.0
101.58232844767215,12.0,3.0,149.0,12.0,126.0,12.0
101.67183368327422,13.0,3.0,150.0,12.0,126.0,12.0
102.63869075935047,12.0,3.0,150.0,12.0,127.0,12.0
103.12809377625814,13.0,3.0,151.0,12.0,127.0,12.0
103.71432124039858,12.0,3.0,151.0,12.0,127.0,12.0
103.73399221208707,11.0,3.0,151.0,12.0,128.0,12.0
103.9074592048106,12.0,3.0,152.0,12.0,128.0,12.0
103.90977673655372,13.0,3.0,153.0,12.0,128.0,12.0
104.15044681495938,14.0,3.0,154.0,12.0,128.0,12.0
104.16532726669541,13.0,3.0,154.0,12.0,129.0,12.0
104.45614232516171,12.0,3.0,154.0,12.0,129.0,12.0
104.60914757173302,12.0,4.0,154.0,13.0,129.0,12.0
104.62450462383657,12.0,3.0,154.0,13.0,129.0,13.0
104.86145495148067,11.0,3.0,154.0,13.0,130.0,13.0
104.86168055523711,12.0,3.0,155.0,13.0,130.0,13.0
104.99945103497167,12.0,2.0,155.0,13.0,130.0,14.0
105.00975536312818,12.0,3.0,155.0,14.0,130.0,14.0
105.23649307510412,11.0,3.0,155.0,14.0,131.0,14.0
105.50726168049705,11.0,4.0,155.0,15.0,131.0,14.0
105.74579403988452,12.0,4.0,156.0,15.0,131.0,14.0
105.81260679626737,11.0,4.0,156.0,15.0,132.0,14.0
106.45034119771184,10.0,4.0,156.0,15.0,133.0,14.0
106.67455942231618,10.0,3.0,156.0,15.0,133.0,15.0
106.93691960927632,10.0,4.0,156.0,16.0,133.0,15.0
106.98911916594669,11.0,4.0,157.0,16.0,133.0,15.0
107.13853100806656,12.0,4.0,158.0,16.0,133.0,15.0
107.38482506802897,12.0,3.0,158.0,16.0,133.0,16.0
107.45710065362233,13.0,3.0,159.0,16.0,133.0,16.0
107.62700628417006,14.0,3.0,160.0,16.0,133.0,16.0
108.34509991980443,13.0,3.0,160.0,16.0,134.0,16.0
108.70874402091967,12.0,3.0,160.0,16.0,135.0,16.0
108.86203937606892,12.0,4.0,160.0,17.0,135.0,16.0
108.87472581907703,13.0,4.0,161.0,17.0,135.0,16.0
109.31968614177183,13.0,5.0,161.0,18.0,135.0,16.0
109.61925838900046,12.0,5.0,161.0,18.0,136.0,16.0
109.90048910914979,13.0,5.0,162.0,18.0,136.0,16.0
110.07945263465535,12.0,5.0,162.0,18.0,137.0,16.0
110.3267154954501,12.0,5.0,162.0,18.0,137.0,16.0
110.44725716660511,12.0,6.0,162.0,19.0,137.0,16.0
110.57999039120989,13.0,6.0,163.0,19.0,137.0,16.0
110.73877173312236,13.0,7.0,163.0,20.0,137.0,16.0
110.7778731289057,14.0,7.0,164.0,20.0,137.0,16.0
111.06792341869334,13.0,7.0,164.0,20.0,138.0,16.0
111.32472427919255,12.0,7.0,164.0,20.0,139.0,16.0
111.36995235175019,12.0,6.0,164.0,20.0,139.0,17.0
111.70376821080518,11.0,6.0,164.0,20.0,140.0,17.0
111.82027706045106,10.0,6.0,164.0,20.0,141.0,17.0
112.44732851060523,10.0,7.0,164.0,21.0,141.0,17.0
112.83058017010664,10.0,8.0,164.0,22.0,141.0,17.0
113.1415745919989,10.0,7.0,164.0,22.0,141.0,18.0
113.1696038678922,10.0,8.0,164.0,23.0,141.0,18.0
113.17621683554309,9.0,8.0,164.0,23.0,142.0,18.0
113.40848394342085,8.0,8.0,164.0,23.0,143.0,18.0
113.99426044376044,9.0,8.0,165.0,23.0,143.0,18.0
114.08568234913544,10.0,8.0,166.0,23.0,143.0,18.0
114.25267836058345,11.0,8.0,167.0,23.0,143.0,18.0
114.35465686622405,11.0,9.0,167.0,24.0,143.0,18.0
114.84624309154523,10.0,9.0,167.0,24.0,144.0,18.0
114.99209725095402,9.0,9.0,167.0,24.0,145.0,18.0
115.12902378062905,9.0,8.0,167.0,24.0,145.0,18.0
115.7392748944928,8.0,8.0,167.0,24.0,146.0,18.0
116.12060142537368,8.0,9.0,167.0,25.0,146.0,18.0
116.3687703084079,8.0,10.0,167.0,26.0,146.0,18.0
117.16002893052227,8.0,9.0,167.0,26.0,146.0,19.0
117.20043683154444,8.0,9.0,167.0,26.0,146.0,19.0
117.26257364706859,8.0,8.0,167.0,26.0,146.0,20.0
117.53119509221328,7.0,8.0,167.0,26.0,147.0,20.0
118.67243912504286,7.0,7.0,167.0,26.0,147.0,21.0
118.88419135372402,8.0,7.0,168.0,26.0,147.0,21.0
119.2013082911703,8.0,8.0,168.0,27.0,147.0,21.0
119.27829648837483,7.0,9.0,168.0,27.0,147.0,21.0
120.07320001130083,6.0,9.0,168.0,27.0,148.0,21.0
120.23148848875103,6.0,8.0,168.0,27.0,148.0,22.0
120.36713182826908,6.0,7.0,168.0,27.0,148.0,23.0
120.56439292590468,6.0,6.0,168.0,27.0,148.0,24.0
120.74481896862108,7.0,6.0,169.0,27.0,148.0,24.0
121.04041255586009,8.0,6.0,170.0,27.0,148.0,24.0
121.14514007485532,9.0,6.0,171.0,27.0,148.0,24.0
121.24908462491886,9.0,6.0,171.0,27.0,148.0,24.0
121.31360022991339,10.0,6.0,172.0,27.0,148.0,24.0
121.32891877073541,9.0,6.0,172.0,27.0,149.0,24.0
121.42663361962934,9.0,5.0,172.0,27.0,149.0,25.0
121.87193272040828,10.0,5.0,173.0,27.0,149.0,25.0
121.98277003173843,11.0,5.0,174.0,27.0,149.0,25.0
122.03388569224363,10.0,5.0,174.0,27.0,150.0,25.0
122.26753824623653,11.0,5.0,175.0,27.0,150.0,25.0
122.30660614155111,10.0,5.0,175.0,27.0,150.0,25.0
122.36186590327937,11.0,5.0,176.0,27.0,150.0,25.0
122.39955454120147,10.0,5.0,176.0,27.0,151.0,25.0
122.48147392208384,11.0,5.0,177.0,27.0,151.0,25.0
122.55505573508727,11.0,4.0,177.0,27.0,151.0,26.0
122.74867696632731,12.0,4.0,178.0,27.0,151.0,26.0
123.37674413558572,11.0,4.0,178.0,27.0,152.0,26.0
123.50798675793915,12.0,4.0,179.0,27.0,152.0,26.0
123.6300241502099,11.0,4.0,179.0,27.0,153.0,26.0
123.77651876366862,11.0,5.0,179.0,28.0,153.0,26.0
124.1493641336901,12.0,5.0,180.0,28.0,153.0,26.0
124.18621552162952,12.0,4.0,180.0,28.0,153.0,27.0
124.25846934002234,13.0,4.0,181.0,28.0,153.0,27.0
124.57089385127392,14.0,4.0,182.0,28.0,153.0,27.0
125.16278319078046,14.0,4.0,182.0,28.0,153.0,27.0
125.19508225369415,13.0,4.0,182.0,28.0,154.0,27.0
125.48315616814624,12.0,4.0,182.0,28.0,155.0,27.0
125.49985891490113,13.0,4.0,183.0,28.0,155.0,27.0
125.56871159389642,12.0,4.0,183.0,28.0,156.0,27.0
125.857846649866,13.0,4.0,184.0,28.0,156.0,27.0
125.91720365632222,14.0,4.0,185.0,28.0,156.0,27.0
126.6125001023413,13.0,4.0,185.0,28.0,156.0,27.0
126.64326509076399,12.0,4.0,185.0,28.0,157.0,27.0
126.87515322636742,13.0,4.0,186.0,28.0,157.0,27.0
127.60257084787862,14.0,4.0,187.0,28.0,157.0,27.0
127.81774548554127,15.0,4.0,188.0,28.0,157.0,27.0
128.00718066662296,14.0,4.0,188.0,28.0,158.0,27.0
128.04288788440857,15.0,4.0,189.0,28.0,158.0,27.0
128.07152688406634,15.0,5.0,189.0,29.0,158.0,27.0
128.739893046594,14.0,5.0,189.0,29.0,159.0,27.0
128.79192793063808,13.0,5.0,189.0,29.0,160.0,27.0
128.83549402240013,12.0,5.0,189.0,29.0,161.0,27.0
128.90288020122154,11.0,5.0,189.0,29.0,162.0,27.0
129.01229326068656,12.0,5.0,190.0,29.0,162.0,27.0
129.44978724734995,12.0,6.0,190.0,30.0,162.0,27.0
129.55429755199444,13.0,6.0,191.0,30.0,162.0,27.0
129.89249698642334,14.0,5.0,191.0,30.0,162.0,27.0
130.23867512491273,14.0,6.0,191.0,31.0,162.0,27.0
130.26124591727148,15.0,6.0,192.0,31.0,162.0,27.0
130.45469044827468,14.0,6.0,192.0,31.0,163.0,27.0
130.7430978592552,15.0,6.0,193.0,31.0,163.0,27.0
130.75364179120308,15.0,7.0,193.0,32.0,163.0,27.0
130.78622895947478,16.0,7.0,194.0,32.0,163.0,27.0
130.9885117315093,15.0,7.0,194.0,32.0,164.0,27.0
131.15471842298652,14.0,7.0,194.0,32.0,165.0,27.0
131.17961558219798,14.0,8.0,194.0,33.0,165.0,27.0
131.38870639821445,14.0,7.0,194.0,33.0,165.0,28.0
131.3957311940259,15.0,7.0,195.0,33.0,165.0,28.0
131.44018502069022,15.0,6.0,195.0,33.0,165.0,29.0
131.45723858898674,15.0,7.0,195.0,34.0,165.0,29.0
131.69103889557718,14.0,7.0,195.0,34.0,166.0,29.0
131.7920863738183,14.0,6.0,195.0,34.0,166.0,30.0
132.2258324232441,14.0,6.0,195.0,34.0,166.0,30.0
132.36592421136137,13.0,6.0,195.0,34.0,167.0,30.0
132.57501579646708,14.0,6.0,196.0,34.0,167.0,30.0
132.71024271354653,13.0,6.0,196.0,34.0,168.0,30.0
132.8082648520257,14.0,6.0,197.0,34.0,168.0,30.0
132.9480836588347,13.0,6.0,197.0,34.0,169.0,30.0
133.10582697254162,13.0,5.0,197.0,34.0,169.0,31.0
133.17773573884045,12.0,5.0,197.0,34.0,170.0,31.0
133.34712173719987,11.0,5.0,197.0,34.0,170.0,31.0
133.62188704223806,12.0,5.0,198.0,34.0,170.0,31.0
133.79059529054203,11.0,5.0,198.0,34.0,171.0,31.0
133.96040433092875,11.0,6.0,198.0,35.0,171.0,31.0
134.1259431795749,12.0,6.0,199.0,35.0,171.0,31.0
134.29984025121072,13.0,6.0,200.0,35.0,171.0,31.0
134.3041199204918,12.0,6.0,200.0,35.0,172.0,31.0
134.43244713695566,12.0,5.0,200.0,35.0,172.0,32.0
134.464437009814,12.0,4.0,200.0,35.0,172.0,33.0
134.46458358035065,11.0,4.0,200.0,35.0,173.0,33.0
134.67365520508088,10.0,4.0,200.0,35.0,174.0,33.0
134.84182690078862,11.0,4.0,201.0,35.0,174.0,33.0
135.41435378159701,10.0,4.0,201.0,35.0,175.0,33.0
135.53920380835396,9.0,4.0,201.0,35.0,176.0,33.0
135.98309933665354,10.0,4.0,202.0,35.0,176.0,33.0
136.3504246911593,11.0,4.0,203.0,35.0,176.0,33.0
136.35312200337714,12.0,4.0,204.0,35.0,176.0,33.0
136.37339559047962,13.0,4.0,205.0,35.0,176.0,33.0
136.4104135336393,12.0,5.0,205.0,35.0,176.0,33.0
136.7982021522716,13.0,5.0,206.0,35.0,176.0,33.0
136.94745198477335,14.0,5.0,207.0,35.0,176.0,33.0
137.02980441045133,13.0,5.0,207.0,35.0,177.0,33.0
137.2191379353946,14.0,5.0,208.0,35.0,177.0,33.0
137.31461604545157,13.0,5.0,208.0,35.0,178.0,33.0
137.52741522412347,13.0,5.0,208.0,35.0,178.0,33.0
137.60595962703113,12.0,5.0,208.0,35.0,179.0,33.0
137.81303559814472,11.0,5.0,208.0,35.0,180.0,33.0
137.89352011734385,11.0,6.0,208.0,36.0,180.0,33.0
137.92170222259767,11.0,7.0,208.0,37.0,180.0,33.0
138.0698531138272,12.0,6.0,208.0,37.0,180.0,33.0
138.2677382902179,11.0,6.0,208.0,37.0,180.0,33.0
138.36031467333981,10.0,6.0,208.0,37.0,181.0,33.0
138.42092324981107,10.0,7.0,208.0,38.0,181.0,33.0
138.60503459250862,9.0,7.0,208.0,38.0,182.0,33.0
138.6253457040032,10.0,7.0,209.0,38.0,182.0,33.0
138.67822353558125,11.0,7.0,210.0,38.0,182.0,33.0
138.87191976246612,10.0,7.0,210.0,38.0,183.0,33.0
139.2121491486093,10.0,8.0,210.0,39.0,183.0,33.0
139.31524358532909,10.0,7.0,210.0,39.0,183.0,34.0
139.69452783038787,9.0,7.0,210.0,39.0,184.0,34.0
139.97227504965832,9.0,8.0,210.0,40.0,184.0,34.0
140.03768453796638,9.0,7.0,210.0,40.0,184.0,35.0
140.21063213922483,10.0,7.0,211.0,40.0,184.0,35.0
140.24543182173483,10.0,6.0,211.0,40.0,184.0,36.0
140.38405840523137,10.0,7.0,211.0,41.0,184.0,36.0
140.88874020040427,11.0,7.0,212.0,41.0,184.0,36.0
141.04119263672408,12.0,7.0,213.0,41.0,184.0,36.0
141.05278995831964,12.0,8.0,213.0,42.0,184.0,36.0
141.13960120143648,12.0,7.0,213.0,42.0,184.0,37.0
141.19508192119247,12.0,8.0,213.0,43.0,184.0,37.0
141.27910046266427,13.0,8.0,214.0,43.0,184.0,37.0
141.4333845869678,14.0,8.0,215.0,43.0,184.0,37.0
141.46594630634524,15.0,8.0,216.0,43.0,184.0,37.0
141.56407856295678,14.0,8.0,216.0,43.0,185.0,37.0
141.9244944855539,14.0,7.0,216.0,43.0,185.0,38.0
142.0548268186489,14.0,7.0,216.0,43.0,185.0,38.0
142.19927551622317,13.0,7.0,216.0,43.0,186.0,38.0
142.54048942948342,14.0,7.0,217.0,43.0,186.0,38.0
142.65979955529926,13.0,7.0,217.0,43.0,187.0,38.0
143.30691421396622,12.0,7.0,217.0,43.0,188.0,38.0
143.46973558718952,12.0,6.0,217.0,43.0,188.0,39.0
143.54459793896203,13.0,6.0,218.0,43.0,188.0,39.0
143.54711537059745,13.0,5.0,218.0,43.0,188.0,39.0
143.79620718883987,14.0,5.0,219.0,43.0,188.0,39.0
143.8401342385088,15.0,4.0,219.0,43.0,188.0,39.0
144.01705022107282,15.0,5.0,219.0,44.0,188.0,39.0
144.04107380150293,15.0,6.0,219.0,45.0,188.0,39.0
144.09641038357543,16.0,6.0,220.0,45.0,188.0,39.0
144.33572451461512,15.0,6.0,220.0,45.0,189.0,39.0
145.18987248591932,15.0,7.0,220.0,46.0,189.0,39.0
145.25890883646827,15.0,7.0,220.0,46.0,189.0,39.0
145.4385278163795,15.0,6.0,220.0,46.0,189.0,40.0
145.58764824095482,14.0,6.0,220.0,46.0,190.0,40.0
145.70988268585378,15.0,6.0,221.0,46.0,190.0,40.0
145.89130365877705,14.0,6.0,221.0,46.0,191.0,40.0
146.29503445624883,13.0,6.0,221.0,46.0,192.0,40.0
146.63004084355123,13.0,6.0,221.0,46.0,192.0,40.0
146.65487900488574,12.0,7.0,221.0,46.0,192.0,40.0
146.68189896709114,13.0,7.0,222.0,46.0,192.0,40.0
146.69210054377186,12.0,7.0,222.0,46.0,193.0,40.0
146.89925778934247,11.0,7.0,222.0,46.0,194.0,40.0
146.90317141424367,11.0,6.0,222.0,46.0,194.0,41.0
147.06840407365354,12.0,6.0,223.0,46.0,194.0,41.0
147.08263343051584,13.0,5.0,223.0,46.0,194.0,41.0
147.15013406159517,13.0,6.0,223.0,47.0,194.0,41.0
147.15021776142572,12.0,6.0,223.0,47.0,195.0,41.0
147.2593291352579,12.0,6.0,223.0,47.0,195.0,41.0
147.29286935429897,11.0,6.0,223.0,47.0,196.0,41.0
147.36351544986036,12.0,6.0,224.0,47.0,196.0,41.0
147.42976919738098,13.0,6.0,225.0,47.0,196.0,41.0
147.59468849917133,13.0,7.0,225.0,48.0,196.0,41.0
147.93278380887313,14.0,7.0,226.0,48.0,196.0,41.0
148.03272611439255,14.0,8.0,226.0,49.0,196.0,41.0
148.06940421816913,13.0,8.0,226.0,49.0,197.0,41.0
148.14633287190398,13.0,7.0,226.0,49.0,197.0,42.0
148.15019163951675,12.0,7.0,226.0,49.0,198.0,42.0
148.24810394153673,12.0,6.0,226.0,49.0,198.0,43.0
148.78233104458891,13.0,6.0,227.0,49.0,198.0,43.0
148.8699285345635,13.0,7.0,227.0,50.0,198.0,43.0
148.88074685043142,12.0,7.0,227.0,50.0,199.0,43.0
149.0874774413842,13.0,7.0,228.0,50.0,199.0,43.0
149.31030445089755,12.0,7.0,228.0,50.0,200.0,43.0
149.37876299410212,12.0,6.0,228.0,50.0,200.0,44.0
149.53491377818156,13.0,6.0,229.0,50.0,200.0,44.0
149.95470600536356,12.0,6.0,229.0,50.0,201.0,44.0
150.1485449610082,12.0,5.0,229.0,50.0,201.0,44.0
150.1662262441621,12.0,4.0,229.0,50.0,201.0,45.0
150.86932224872172,11.0,4.0,229.0,50.0,202.0,45.0
151.07772956088843,10.0,4.0,229.0,50.0,203.0,45.0
151.7000191238441,11.0,4.0,230.0,50.0,203.0,45.0
152.58081732668893,12.0,4.0,231.0,50.0,203.0,45.0
152.96220605656157,12.0,3.0,231.0,50.0,203.0,46.0
153.34786007239808,12.0,4.0,231.0,51.0,203.0,46.0
153.36308607605238,13.0,4.0,232.0,51.0,203.0,46.0
153.41475770092285,12.0,4.0,232.0,51.0,204.0,46.0
153.73850151205158,11.0,4.0,232.0,51.0,205.0,46.0
153.78155199942577,11.0,3.0,232.0,51.0,205.0,47.0
153.78678141336866,12.0,3.0,233.0,51.0,205.0,47.0
153.84685123266092,12.0,4.0,233.0,52.0,205.0,47.0
153.94255551851487,12.0,5.0,233.0,53.0,205.0,47.0
154.10299480253047,12.0,6.0,233.0,54.0,205.0,47.0
154.15815049586922,13.0,6.0,234.0,54.0,205.0,47.0
154.3033375814885,14.0,5.0,234.0,54.0,205.0,47.0
154.3251019872359,15.0,5.0,235.0,54.0,205.0,47.0
154.63580667935102,14.0,5.0,235.0,54.0,206.0,47.0
154.8141748328965,14.0,5.0,235.0,54.0,206.0,47.0
154.85010055020493,14.0,4.0,235.0,54.0,206.0,48.0
155.72646209801468,13.0,4.0,235.0,54.0,207.0,48.0
155.77454216787308,14.0,4.0,236.0,54.0,207.0,48.0
155.81392411244974,14.0,5.0,236.0,55.0,207.0,48.0
155.88734998979717,15.0,5.0,237.0,55.0,207.0,48.0
155.91234452137292,15.0,4.0,237.0,55.0,207.0,49.0
156.08027302812664,14.0,4.0,237.0,55.0,207.0,49.0
156.08085805000513,13.0,4.0,237.0,55.0,208.0,49.0
156.12170902012775,14.0,4.0,238.0,55.0,208.0,49.0
156.29376431903657,13.0,4.0,238.0,55.0,209.0,49.0
156.4732381940781,14.0,4.0,239.0,55.0,209.0,49.0
156.6920922049874,14.0,5.0,239.0,56.0,209.0,49.0
157.09194422391604,14.0,6.0,239.0,57.0,209.0,49.0
157.26972167752518,14.0,7.0,239.0,58.0,209.0,49.0
157.41891457260172,14.0,6.0,239.0,58.0,209.0,50.0
157.62303491391444,13.0,6.0,239.0,58.0,210.0,50.0
157.86136897554405,12.0,6.0,239.0,58.0,211.0,50.0
158.1789176987119,12.0,5.0,239.0,58.0,211.0,51.0
158.72937993425688,12.0,4.0,239.0,58.0,211.0,51.0
158.88560049440485,11.0,4.0,239.0,58.0,212.0,51.0
158.91872291329625,10.0,4.0,239.0,58.0,213.0,51.0
158.9707649277396,10.0,4.0,239.0,58.0,213.0,51.0
159.50191032601688,10.0,5.0,239.0,59.0,213.0,51.0
160.48039492488888,9.0,5.0,239.0,59.0,214.0,51.0
160.85804708802112,9.0,4.0,239.0,59.0,214.0,52.0
161.16531665274053,8.0,4.0,239.0,59.0,215.0,52.0
161.22233661898062,8.0,3.0,239.0,59.0,215.0,53.0
161.29399788555105,8.0,4.0,239.0,60.0,215.0,53.0
161.32707179658095,7.0,4.0,239.0,60.0,216.0,53.0
161.65301951889018,8.0,4.0,240.0,60.0,216.0,53.0
161.69255406943293,7.0,4.0,240.0,60.0,217.0,53.0
161.8334387999911,7.0,5.0,240.0,61.0,217.0,53.0
161.85845710341837,6.0,5.0,240.0,61.0,218.0,53.0
162.39882290420206,6.0,6.0,240.0,62.0,218.0,53.0
162.4034209970672,6.0,6.0,240.0,62.0,219.0,53.0
162.40488483436764,6.0,5.0,240.0,62.0,219.0,54.0
162.51242045950204,6.0,5.0,240.0,62.0,220.0,54.0
162.67516828316704,6.0,6.0,240.0,63.0,220.0,54.0
162.78426637756203,6.0,6.0,240.0,63.0,220.0,54.0
162.93568957989444,7.0,6.0,241.0,63.0,220.0,54.0
163.23097642473388,7.0,7.0,241.0,64.0,220.0,54.0
163.39255160970643,8.0,7.0,242.0,64.0,220.0,54.0
163.51714530304415,9.0,7.0,243.0,64.0,220.0,54.0
163.54007402758862,8.0,7.0,243.0,64.0,220.0,54.0
163.70553046690486,7.0,7.0,243.0,64.0,221.0,54.0
163.8139180666875,6.0,7.0,243.0,64.0,222.0,54.0
163.96146187286655,6.0,6.0,243.0,64.0,222.0,55.0
164.03910768698378,6.0,7.0,243.0,65.0,222.0,55.0
164.1047029665108,5.0,7.0,243.0,65.0,223.0,55.0
164.29946434750286,5.0,6.0,243.0,65.0,223.0,56.0
164.7853766338559,6.0,6.0,244.0,65.0,223.0,56.0
164.8261630494019,6.0,7.0,244.0,66.0,223.0,56.0
165.00876281819237,6.0,8.0,244.0,67.0,223.0,56.0
165.19889090922345,6.0,8.0,244.0,67.0,223.0,56.0
165.4011813154087,7.0,8.0,245.0,67.0,223.0,56.0
165.5761505910378,8.0,8.0,246.0,67.0,223.0,56.0
165.8845872153128,7.0,8.0,246.0,67.0,224.0,56.0
166.20222043866713,7.0,9.0,246.0,68.0,224.0,56.0
166.29227823029711,7.0,10.0,246.0,69.0,224.0,56.0
166.60792406739574,7.0,9.0,246.0,69.0,224.0,57.0
166.80811885107278,6.0,9.0,246.0,69.0,224.0,57.0
166.813298841257,6.0,8.0,246.0,69.0,224.0,58.0
166.85626302063008,7.0,8.0,247.0,69.0,224.0,58.0
166.87289409278546,6.0,8.0,247.0,69.0,225.0,58.0
166.9015684377846,6.0,7.0,247.0,69.0,225.0,59.0
166.93186418347054,5.0,7.0,247.0,69.0,226.0,59.0
167.65667897271805,5.0,8.0,247.0,70.0,226.0,59.0
167.73448806536254,5.0,9.0,247.0,71.0,226.0,59.0
167.9013023898226,4.0,9.0,247.0,71.0,227.0,59.0
168.14474190336526,4.0,8.0,247.0,71.0,227.0,60.0
168.26250883247465,4.0,9.0,247.0,72.0,227.0,60.0
168.83412858897864,5.0,9.0,248.0,72.0,227.0,60.0
168.87974814755614,5.0,8.0,248.0,72.0,227.0,61.0
169.04259295230483,6.0,8.0,249.0,72.0,227.0,61.0
169.1359600908911,7.0,8.0,250.0,72.0,227.0,61.0
169.42050266015812,7.0,8.0,250.0,72.0,227.0,61.0
169.8096090615275,7.0,8.0,250.0,72.0,227.0,61.0
170.12393343783648,7.0,9.0,250.0,73.0,227.0,61.0
170.34349368304203,7.0,8.0,250.0,73.0,227.0,62.0
170.46866166067082,7.0,7.0,250.0,73.0,227.0,63.0
170.5132001812769,6.0,7.0,250.0,73.0,227.0,63.0
170.51363101872926,5.0,7.0,250.0,73.0,227.0,63.0
170.54981266513113,5.0,7.0,250.0,73.0,227.0,63.0
170.62093476605276,5.0,8.0,250.0,74.0,227.0,63.0
170.76511805895797,5.0,7.0,250.0,74.0,227.0,64.0
171.1105312949371,6.0,7.0,251.0,74.0,227.0,64.0
171.49962399005273,6.0,8.0,251.0,75.0,227.0,64.0
171.60704156882548,5.0,8.0,251.0,75.0,228.0,64.0
171.81302456203588,6.0,8.0,252.0,75.0,228.0,64.0
172.0112922665857,6.0,7.0,252.0,75.0,228.0,65.0
172.054595053686,6.0,8.0,252.0,76.0,228.0,65.0
172.57550274095712,6.0,9.0,252.0,77.0,228.0,65.0
172.6719377596604,7.0,9.0,253.0,77.0,228.0,65.0
173.10030717556026,7.0,8.0,253.0,77.0,228.0,66.0
173.13720331862098,6.0,8.0,253.0,77.0,229.0,66.0
173.25983220611153,7.0,8.0,254.0,77.0,229.0,66.0
173.3344287111404,6.0,8.0,254.0,77.0,230.0,66.0
173.50780962530993,6.0,9.0,254.0,78.0,230.0,66.0
173.81967408692097,6.0,10.0,254.0,79.0,230.0,66.0
173.81982653502916,5.0,10.0,254.0,79.0,231.0,66.0
173.90230998109698,5.0,9.0,254.0,79.0,231.0,67.0
174.0531576510494,6.0,9.0,255.0,79.0,231.0,67.0
174.08126612688835,5.0,9.0,255.0,79.0,232.0,67.0
174.10230755513896,5.0,10.0,255.0,80.0,232.0,67.0
174.29025803969787,5.0,11.0,255.0,81.0,232.0,67.0
174.3419751970082,4.0,11.0,255.0,81.0,233.0,67.0
174.92008462753796,4.0,10.0,255.0,81.0,233.0,68.0
175.20304341455812,5.0,10.0,256.0,81.0,233.0,68.0
175.2848072995736,5.0,9.0,256.0,81.0,233.0,69.0
175.5421348434612,4.0,9.0,256.0,81.0,234.0,69.0
175.77781377290833,3.0,9.0,256.0,81.0,235.0,69.0
176.34638115577263,3.0,8.0,256.0,81.0,235.0,70.0
176.84550280013573,3.0,8.0,256.0,81.0,235.0,70.0
176.9128297090349,3.0,8.0,256.0,81.0,236.0,70.0
177.338557125423,3.0,7.0,256.0,81.0,236.0,71.0
177.62667646485136,2.0,7.0,256.0,81.0,237.0,71.0
177.70414213051288,2.0,8.0,256.0,82.0,237.0,71.0
178.89635336714,2.0,8.0,256.0,82.0,237.0,71.0
179.30391520132886,3.0,8.0,257.0,82.0,237.0,71.0
179.57757523534167,3.0,9.0,257.0,83.0,237.0,71.0
179.79220846781078,4.0,9.0,258.0,83.0,237.0,71.0
179.96086483124932,4.0,9.0,258.0,83.0,237.0,71.0
180.16320813499019,4.0,8.0,258.0,83.0,237.0,72.0
180.33007240054158,3.0,8.0,258.0,83.0,238.0,72.0
181.05008533863915,3.0,7.0,258.0,83.0,238.0,73.0
181.50187775506438,3.0,6.0,258.0,83.0,238.0,74.0
181.54852788502805,3.0,5.0,258.0,83.0,238.0,75.0
182.0731838809983,4.0,5.0,259.0,83.0,238.0,75.0
182.19720934094244,4.0,5.0,259.0,83.0,238.0,75.0
182.78021637054326,4.0,4.0,259.0,83.0,238.0,76.0
182.82429133662612,4.0,5.0,259.0,84.0,238.0,76.0
182.82475993276864,5.0,5.0,260.0,84.0,238.0,76.0
182.87291361674195,4.0,5.0,260.0,84.0,239.0,76.0
183.2289829909012,4.0,4.0,260.0,84.0,239.0,77.0
183.52619032627697,4.0,3.0,260.0,84.0,239.0,78.0
183.70645278590706,4.0,4.0,260.0,85.0,239.0,78.0
183.7253813537056,4.0,3.0,260.0,85.0,239.0,79.0
184.27041381260966,3.0,3.0,260.0,85.0,240.0,79.0
184.29459742197025,2.0,3.0,260.0,85.0,241.0,79.0
184.39705717588905,1.0,3.0,260.0,85.0,242.0,79.0
184.88746705090264,1.0,2.0,260.0,85.0,242.0,80.0
185.49131489799444,1.0,1.0,260.0,85.0,242.0,81.0
185.92421065692912,2.0,1.0,261.0,85.0,242.0,81.0
185.9282816134373,2.0,0.0,261.0,85.0,242.0,82.0
186.7793438919778,2.0,0.0,261.0,85.0,242.0,82.0
187.1822376416421,3.0,0.0,262.0,85.0,242.0,82.0
187.93790111416087,3.0,1.0,262.0,86.0,242.0,82.0
188.16378580640713,3.0,1.0,262.0,86.0,243.0,82.0
188.28295554934144,3.0,0.0,262.0,86.0,243.0,82.0
188.39245611908433,4.0,0.0,263.0,86.0,243.0,82.0
188.43019885054863,4.0,1.0,263.0,87.0,243.0,82.0
188.51534782276696,4.0,1.0,263.0,87.0,244.0,82.0
189.3954939669881,5.0,1.0,264.0,87.0,244.0,82.0
189.57023479230494,5.0,2.0,264.0,88.0,244.0,82.0
189.64391876873773,4.0,2.0,264.0,88.0,245.0,82.0
190.0802010123211,3.0,3.0,264.0,88.0,245.0,82.0
190.2404902675051,2.0,3.0,264.0,88.0,246.0,82.0
190.31497880051316,2.0,3.0,264.0,88.0,247.0,82.0
190.35259706280215,2.0,2.0,264.0,88.0,247.0,83.0
190.61943923585446,2.0,1.0,264.0,88.0,247.0,84.0
190.82850532354425,3.0,1.0,265.0,88.0,247.0,84.0
190.84333155131142,4.0,1.0,266.0,88.0,247.0,84.0
192.08500023570565,4.0,1.0,266.0,88.0,247.0,84.0
192.1775972341204,4.0,2.0,266.0,89.0,247.0,84.0
192.1868067661473,3.0,2.0,266.0,89.0,248.0,84.0
192.6455693214619,3.0,2.0,266.0,89.0,248.0,85.0
192.923184664673,3.0,3.0,266.0,90.0,248.0,85.0
192.94039886526852,3.0,2.0,266.0,90.0,248.0,86.0
193.68029351260995,3.0,3.0,266.0,91.0,248.0,86.0
194.41264892160623,3.0,4.0,266.0,92.0,248.0,86.0
194.84156021505356,4.0,4.0,267.0,92.0,248.0,86.0
194.8498276852952,3.0,4.0,267.0,92.0,249.0,86.0
195.36222605141,4.0,4.0,268.0,92.0,249.0,86.0
195.81470844423902,3.0,5.0,268.0,92.0,249.0,86.0
196.2944507813798,3.0,4.0,268.0,92.0,249.0,87.0
196.77617305425338,2.0,4.0,268.0,92.0,250.0,87.0
197.64005533134008,3.0,4.0,269.0,92.0,250.0,87.0
198.5319851102229,2.0,4.0,269.0,92.0,251.0,87.0
198.7730048772615,3.0,4.0,269.0,92.0,251.0,87.0
198.97636761545354,4.0,4.0,270.0,92.0,251.0,87.0
199.345356300773,4.0,5.0,270.0,93.0,251.0,87.0
199.43830599085098,3.0,5.0,270.0,93.0,252.0,87.0
199.83107070061507,4.0,5.0,271.0,93.0,252.0,87.0
200.55938123097334,4.0,4.0,271.0,93.0,252.0,88.0
200.57036728371014,4.0,4.0,271.0,93.0,252.0,88.0
204.0801109028648,3.0,4.0,271.0,93.0,253.0,88.0
204.43921224076968,3.0,4.0,271.0,93.0,253.0,89.0
204.68683402915303,3.0,3.0,271.0,93.0,253.0,89.0
205.12353483719883,2.0,3.0,271.0,93.0,254.0,89.0
205.508585961279,2.0,3.0,271.0,93.0,254.0,90.0
206.21822383829908,2.0,4.0,271.0,94.0,254.0,90.0
206.44533626553056,2.0,3.0,271.0,94.0,254.0,91.0
206.47093199449125,2.0,4.0,271.0,95.0,254.0,91.0
206.48414813135577,2.0,3.0,271.0,95.0,254.0,92.0
206.70377678282242,1.0,3.0,271.0,95.0,255.0,92.0
209.74386001121303,1.0,4.0,271.0,96.0,255.0,92.0
210.75155894132803,1.0,3.0,271.0,96.0,255.0,93.0
210.82880722458108,1.0,4.0,271.0,97.0,255.0,93.0
210.96661341425101,1.0,5.0,271.0,98.0,255.0,93.0
211.10143373920025,1.0,6.0,271.0,99.0,255.0,93.0
211.3792984539055,1.0,5.0,271.0,99.0,255.0,93.0
211.5701565470113,1.0,4.0,271.0,99.0,255.0,93.0
211.93695827170214,2.0,4.0,272.0,99.0,255.0,93.0
212.4752722902177,1.0,4.0,272.0,99.0,256.0,93.0
213.45286655038078,1.0,4.0,272.0,99.0,256.0,93.0
214.1900755546068,0.0,4.0,272.0,99.0,257.0,93.0
215.98742795941132,0.0,3.0,272.0,99.0,257.0,94.0
217.58810075662274,0.0,2.0,272.0,99.0,257.0,95.0
218.04480587055525,0.0,1.0,272.0,99.0,257.0,96.0
219.431711649746,0.0,1.0,272.0,99.0,258.0,96.0
225.01329349163018,0.0,1.0,272.0,99.0,258.0,96.0
234.3641415007262,0.0,2.0,272.0,100.0,258.0,96.0
234.81614229194017,0.0,1.0,272.0,100.0,258.0,97.0
235.0634099204173,0.0,1.0,272.0,100.0,258.0,97.0
235.86018703478192,0.0,0.0,272.0,100.0,258.0,98.0
